task,project,retriever,budget_label,token_budget,corpus_size,files_included,context_tokens,target_files_modified,target_files_retained,target_files_dropped,target_ranks,files_created_unretrievable,included_files
P1,react-shopping-cart,bm25,7000,7000,55,50,5635,1,1,,useCartProducts.ts=2,,src/contexts/cart-context/useCart.ts;src/contexts/cart-context/useCartProducts.ts;src/components/Cart/CartProducts/CartProduct/CartProduct.tsx;src/contexts/cart-context/useCartTotal.ts;src/components/Cart/Cart.tsx;src/models/index.ts;src/components/Products/Product/Product.tsx;src/utils/test/mocks/cart-products.ts;src/contexts/cart-context/CartContextProvider.tsx;src/utils/test/mocks/cart-total.ts;src/components/Cart/CartProducts/CartProducts.tsx;src/components/Cart/CartProducts/CartProduct/index.ts;src/components/App/App.tsx;src/contexts/products-context/ProductsContextProvider.tsx;src/components/Products/Products.tsx;src/contexts/products-context/useProducts.tsx;src/components/Products/Product/index.tsx;src/components/Cart/CartProducts/CartProduct/style.ts;src/components/Cart/CartProducts/style.ts;src/utils/test/mocks/products.ts;src/contexts/cart-context/index.ts;src/components/Cart/style.ts;src/components/Products/Product/style.ts;src/utils/test/mocks/index.ts;src/components/Cart/CartProducts/index.ts;src/components/Cart/index.ts;src/index.tsx;src/commons/style/theme.ts;src/services/products.ts;src/contexts/products-context/index.ts;src/components/Filter/style.ts;src/components/Github/GithubStarButton/GithubStarButton.tsx;src/components/Filter/Filter.tsx;src/commons/Checkbox/Checkbox.tsx;src/components/Github/GithubCorner/GithubCorner.tsx;src/components/Products/style.ts;src/components/Products/index.tsx;src/commons/Checkbox/index.ts;src/components/App/index.ts;src/components/Filter/index.ts;src/components/Loader/index.ts;src/components/Github/GithubCorner/index.ts;src/components/Github/GithubStarButton/index.ts;src/components/Github/index.ts;src/utils/formatPrice.ts;src/commons/style/styled-components.ts;src/components/Github/GithubCorner/style.ts;src/components/Loader/style.ts;src/components/App/style.ts;src/components/Recruiter/style.ts
P1,react-shopping-cart,bm25,matched,626,55,6,624,1,1,,useCartProducts.ts=2,,src/contexts/cart-context/useCart.ts;src/contexts/cart-context/useCartProducts.ts;src/components/Cart/CartProducts/CartProduct/CartProduct.tsx;src/utils/test/mocks/cart-total.ts;src/components/Cart/CartProducts/CartProduct/index.ts;src/components/Products/Product/index.tsx
P1,react-shopping-cart,dense,7000,7000,55,55,5905,1,1,,useCartProducts.ts=1,,src/contexts/cart-context/useCartProducts.ts;src/components/Cart/CartProducts/CartProduct/CartProduct.tsx;src/components/Cart/Cart.tsx;src/contexts/cart-context/useCartTotal.ts;src/components/Products/Product/Product.tsx;src/contexts/cart-context/useCart.ts;src/components/Cart/CartProducts/CartProducts.tsx;src/components/Cart/CartProducts/CartProduct/style.ts;src/components/Cart/CartProducts/CartProduct/index.ts;src/components/Cart/CartProducts/index.ts;src/utils/test/mocks/cart-products.ts;src/components/Cart/CartProducts/style.ts;src/utils/test/mocks/cart-total.ts;src/components/Cart/index.ts;src/utils/test/mocks/index.ts;src/models/index.ts;src/contexts/cart-context/CartContextProvider.tsx;src/components/Products/Product/index.tsx;src/components/Cart/style.ts;src/components/Products/Products.tsx;src/components/Products/Product/style.ts;src/contexts/cart-context/index.ts;src/contexts/products-context/useProducts.tsx;src/components/Products/index.tsx;src/utils/test/mocks/products.ts;src/services/products.ts;src/contexts/products-context/index.ts;src/components/App/App.tsx;src/contexts/products-context/ProductsContextProvider.tsx;src/components/Filter/Filter.tsx;src/index.tsx;src/components/Products/style.ts;src/utils/formatPrice.ts;src/components/Github/GithubCorner/GithubCorner.tsx;src/commons/Checkbox/Checkbox.tsx;src/components/Github/GithubCorner/index.ts;src/components/Filter/index.ts;src/components/Github/GithubStarButton/GithubStarButton.tsx;src/components/App/index.ts;src/components/Recruiter/index.tsx;src/components/Github/GithubStarButton/index.ts;src/components/Loader/index.ts;src/commons/Checkbox/index.ts;src/components/Github/index.ts;src/commons/style/global-style.tsx;src/components/Github/GithubCorner/style.ts;src/components/Filter/style.ts;src/components/App/style.ts;src/commons/style/styled-components.ts;src/components/Recruiter/style.ts;src/utils/test/test-utils.tsx;src/components/Loader/style.ts;src/components/Loader/Loader.tsx;src/components/Recruiter/Recruiter.tsx;src/commons/style/theme.ts
P1,react-shopping-cart,dense,matched,626,55,6,624,1,1,,useCartProducts.ts=1,,src/contexts/cart-context/useCartProducts.ts;src/components/Cart/CartProducts/CartProduct/CartProduct.tsx;src/contexts/cart-context/useCart.ts;src/components/Cart/CartProducts/CartProduct/index.ts;src/components/Cart/CartProducts/index.ts;src/utils/test/mocks/cart-total.ts
P2,takenote,bm25,7000,7000,60,12,6962,3,3,,note.ts=4;NoteList.tsx=3;TestID.ts=1,,src/resources/TestID.ts;src/resources/LabelText.ts;src/client/containers/NoteList.tsx;src/client/slices/note.ts;src/client/containers/AppSidebar.tsx;src/client/containers/ContextMenuOptions.tsx;src/client/api/index.ts;src/client/utils/constants.ts;src/client/utils/helpers.ts;src/client/components/AppSidebar/FolderOption.tsx;src/client/components/LandingPage.tsx;src/client/utils/enums.ts
P2,takenote,bm25,matched,1532,60,4,1500,3,1,src/client/slices/note.ts;src/client/containers/NoteList.tsx,note.ts=4;NoteList.tsx=3;TestID.ts=1,,src/resources/TestID.ts;src/resources/LabelText.ts;src/client/containers/AppSidebar.tsx;src/client/api/index.ts
P2,takenote,dense,7000,7000,60,13,6938,3,2,src/resources/TestID.ts,note.ts=1;NoteList.tsx=2;TestID.ts=>20,,src/client/slices/note.ts;src/client/containers/NoteList.tsx;src/client/utils/helpers.ts;src/client/containers/NoteMenuBar.tsx;src/client/containers/KeyboardShortcuts.tsx;src/client/containers/ContextMenuOptions.tsx;src/client/containers/TakeNoteApp.tsx;src/client/containers/AppSidebar.tsx;src/client/types/index.ts;src/client/components/NoteList/NoteListButton.tsx;src/client/components/Editor/EmptyEditor.tsx;src/client/slices/index.ts;src/client/components/Editor/NoteLink.tsx
P2,takenote,dense,matched,1532,60,4,1497,3,1,src/client/containers/NoteList.tsx;src/resources/TestID.ts,note.ts=1;NoteList.tsx=2;TestID.ts=>20,,src/client/slices/note.ts;src/client/components/NoteList/NoteListButton.tsx;src/client/components/Editor/EmptyEditor.tsx;src/client/slices/index.ts
P3,takenote,bm25,7000,7000,60,12,6964,1,1,,NoteMenuBar.tsx=1,src/client/utils/useCopyToClipboard.ts,src/client/containers/NoteMenuBar.tsx;src/client/containers/NoteEditor.tsx;src/client/containers/ContextMenuOptions.tsx;src/client/utils/helpers.ts;src/client/containers/NoteList.tsx;src/resources/TestID.ts;src/client/containers/CategoryList.tsx;src/resources/LabelText.ts;src/client/containers/ContextMenu.tsx;src/client/containers/CategoryOption.tsx;src/client/containers/TakeNoteApp.tsx;src/client/components/NoteList/ContextMenuOption.tsx
P3,takenote,bm25,matched,772,60,2,705,1,1,,NoteMenuBar.tsx=1,src/client/utils/useCopyToClipboard.ts,src/client/containers/NoteMenuBar.tsx;src/client/utils/history.ts
P3,takenote,dense,7000,7000,60,15,6919,1,1,,NoteMenuBar.tsx=1,src/client/utils/useCopyToClipboard.ts,src/client/containers/NoteMenuBar.tsx;src/client/utils/helpers.ts;src/client/utils/hooks.ts;src/client/containers/ContextMenu.tsx;src/client/containers/KeyboardShortcuts.tsx;src/client/containers/NoteEditor.tsx;src/client/containers/TakeNoteApp.tsx;src/client/components/NoteList/ContextMenuOption.tsx;src/client/containers/ContextMenuOptions.tsx;src/client/containers/NoteList.tsx;src/client/components/Editor/NoteLink.tsx;src/client/containers/AppSidebar.tsx;src/client/components/NoteList/SearchBar.tsx;src/client/contexts/TempStateContext.tsx;src/client/components/NoteList/NoteListButton.tsx
P3,takenote,dense,matched,772,60,2,705,1,1,,NoteMenuBar.tsx=1,src/client/utils/useCopyToClipboard.ts,src/client/containers/NoteMenuBar.tsx;src/client/utils/history.ts
P4,react-shopping-cart,bm25,7000,7000,55,37,4949,3,3,,useCartProducts.ts=5;useCart.ts=1;Cart.tsx=3,,src/contexts/cart-context/useCart.ts;src/components/Products/Product/Product.tsx;src/components/Cart/Cart.tsx;src/components/Cart/CartProducts/CartProduct/CartProduct.tsx;src/contexts/cart-context/useCartProducts.ts;src/components/Cart/CartProducts/CartProducts.tsx;src/contexts/cart-context/index.ts;src/components/App/App.tsx;src/contexts/cart-context/useCartTotal.ts;src/components/Github/GithubStarButton/GithubStarButton.tsx;src/contexts/cart-context/CartContextProvider.tsx;src/components/Cart/CartProducts/CartProduct/index.ts;src/components/Cart/style.ts;src/utils/test/mocks/cart-total.ts;src/components/Cart/CartProducts/CartProduct/style.ts;src/utils/test/mocks/index.ts;src/components/Cart/CartProducts/index.ts;src/components/Cart/index.ts;src/models/index.ts;src/components/Cart/CartProducts/style.ts;src/services/products.ts;src/utils/test/mocks/cart-products.ts;src/index.tsx;src/components/Filter/Filter.tsx;src/components/Github/GithubCorner/GithubCorner.tsx;src/contexts/products-context/ProductsContextProvider.tsx;src/components/Products/Product/style.ts;src/contexts/products-context/useProducts.tsx;src/components/Filter/style.ts;src/components/Github/GithubStarButton/index.ts;src/components/Github/index.ts;src/contexts/products-context/index.ts;src/components/Products/Products.tsx;src/components/Products/Product/index.tsx;src/commons/Checkbox/Checkbox.tsx;src/components/Recruiter/style.ts;src/utils/test/mocks/products.ts
P4,react-shopping-cart,bm25,matched,371,55,3,358,3,2,src/contexts/cart-context/useCartProducts.ts,useCartProducts.ts=5;useCart.ts=1;Cart.tsx=3,,src/contexts/cart-context/useCart.ts;src/components/Cart/Cart.tsx;src/components/Cart/CartProducts/CartProduct/index.ts
P4,react-shopping-cart,dense,7000,7000,55,55,5905,3,3,,useCartProducts.ts=2;useCart.ts=3;Cart.tsx=1,,src/components/Cart/Cart.tsx;src/contexts/cart-context/useCartProducts.ts;src/contexts/cart-context/useCart.ts;src/contexts/cart-context/useCartTotal.ts;src/components/Cart/CartProducts/CartProducts.tsx;src/components/Cart/CartProducts/CartProduct/CartProduct.tsx;src/components/Cart/CartProducts/style.ts;src/contexts/cart-context/index.ts;src/contexts/cart-context/CartContextProvider.tsx;src/components/Cart/CartProducts/index.ts;src/components/Cart/index.ts;src/components/App/App.tsx;src/components/Cart/CartProducts/CartProduct/index.ts;src/components/Cart/style.ts;src/components/Products/Product/Product.tsx;src/utils/test/mocks/index.ts;src/components/Cart/CartProducts/CartProduct/style.ts;src/contexts/products-context/useProducts.tsx;src/index.tsx;src/utils/test/mocks/cart-products.ts;src/utils/test/mocks/cart-total.ts;src/components/Filter/Filter.tsx;src/components/Products/Products.tsx;src/services/products.ts;src/contexts/products-context/index.ts;src/components/Products/index.tsx;src/components/Github/GithubStarButton/GithubStarButton.tsx;src/components/Products/Product/index.tsx;src/models/index.ts;src/components/Products/Product/style.ts;src/contexts/products-context/ProductsContextProvider.tsx;src/components/Github/GithubCorner/GithubCorner.tsx;src/utils/test/mocks/products.ts;src/components/Products/style.ts;src/components/Github/index.ts;src/components/Github/GithubStarButton/index.ts;src/components/Github/GithubCorner/index.ts;src/commons/Checkbox/Checkbox.tsx;src/components/App/index.ts;src/utils/test/test-utils.tsx;src/components/Filter/index.ts;src/components/Recruiter/index.tsx;src/components/Loader/index.ts;src/components/Filter/style.ts;src/commons/Checkbox/index.ts;src/components/Loader/Loader.tsx;src/components/Github/GithubCorner/style.ts;src/commons/style/global-style.tsx;src/components/App/style.ts;src/components/Recruiter/style.ts;src/components/Recruiter/Recruiter.tsx;src/components/Loader/style.ts;src/commons/style/styled-components.ts;src/utils/formatPrice.ts;src/commons/style/theme.ts
P4,react-shopping-cart,dense,matched,371,55,3,358,3,2,src/contexts/cart-context/useCartProducts.ts,useCartProducts.ts=2;useCart.ts=3;Cart.tsx=1,,src/components/Cart/Cart.tsx;src/contexts/cart-context/useCart.ts;src/components/Cart/CartProducts/index.ts
P5,react-shopping-cart,bm25,7000,7000,55,36,4602,2,2,,CartProduct.tsx=1;CartProducts.tsx=4,,src/components/Cart/CartProducts/CartProduct/CartProduct.tsx;src/contexts/cart-context/useCart.ts;src/contexts/cart-context/useCartProducts.ts;src/components/Cart/CartProducts/CartProducts.tsx;src/components/Cart/Cart.tsx;src/contexts/cart-context/CartContextProvider.tsx;src/components/Products/Product/Product.tsx;src/contexts/cart-context/useCartTotal.ts;src/components/Cart/CartProducts/CartProduct/index.ts;src/contexts/cart-context/index.ts;src/contexts/products-context/ProductsContextProvider.tsx;src/commons/Checkbox/Checkbox.tsx;src/contexts/products-context/useProducts.tsx;src/components/App/App.tsx;src/models/index.ts;src/components/Cart/CartProducts/CartProduct/style.ts;src/utils/test/mocks/cart-total.ts;src/components/Cart/CartProducts/index.ts;src/utils/test/mocks/cart-products.ts;src/components/Products/Products.tsx;src/components/Cart/CartProducts/style.ts;src/utils/test/mocks/index.ts;src/components/Filter/Filter.tsx;src/index.tsx;src/components/Cart/index.ts;src/components/Cart/style.ts;src/components/Products/Product/index.tsx;src/contexts/products-context/index.ts;src/services/products.ts;src/components/Github/GithubStarButton/GithubStarButton.tsx;src/utils/test/mocks/products.ts;src/components/Recruiter/Recruiter.tsx;src/components/Products/Product/style.ts;src/components/Github/GithubCorner/GithubCorner.tsx;src/components/Products/index.tsx;src/components/Products/style.ts
P5,react-shopping-cart,bm25,matched,497,55,8,497,2,2,,CartProduct.tsx=1;CartProducts.tsx=4,,src/components/Cart/CartProducts/CartProduct/CartProduct.tsx;src/contexts/cart-context/useCart.ts;src/components/Cart/CartProducts/CartProducts.tsx;src/components/Cart/CartProducts/CartProduct/index.ts;src/contexts/cart-context/index.ts;src/utils/test/mocks/cart-total.ts;src/components/Cart/CartProducts/index.ts;src/components/Cart/index.ts
P5,react-shopping-cart,dense,7000,7000,55,55,5905,2,2,,CartProduct.tsx=2;CartProducts.tsx=4,,src/contexts/cart-context/useCartProducts.ts;src/components/Cart/CartProducts/CartProduct/CartProduct.tsx;src/components/Cart/Cart.tsx;src/components/Cart/CartProducts/CartProducts.tsx;src/contexts/cart-context/useCart.ts;src/components/Products/Product/Product.tsx;src/components/Cart/CartProducts/CartProduct/style.ts;src/components/Cart/CartProducts/index.ts;src/components/Cart/CartProducts/CartProduct/index.ts;src/contexts/cart-context/useCartTotal.ts;src/contexts/cart-context/CartContextProvider.tsx;src/contexts/products-context/useProducts.tsx;src/components/Cart/CartProducts/style.ts;src/components/Products/Products.tsx;src/components/App/App.tsx;src/contexts/cart-context/index.ts;src/components/Cart/index.ts;src/components/Products/Product/index.tsx;src/contexts/products-context/ProductsContextProvider.tsx;src/components/Products/Product/style.ts;src/components/Cart/style.ts;src/utils/test/mocks/index.ts;src/contexts/products-context/index.ts;src/components/Products/index.tsx;src/utils/test/mocks/cart-products.ts;src/components/Filter/Filter.tsx;src/models/index.ts;src/index.tsx;src/services/products.ts;src/utils/test/mocks/cart-total.ts;src/components/Products/style.ts;src/utils/test/mocks/products.ts;src/components/Github/GithubStarButton/GithubStarButton.tsx;src/components/Github/GithubCorner/GithubCorner.tsx;src/commons/Checkbox/Checkbox.tsx;src/components/Github/index.ts;src/components/Recruiter/index.tsx;src/components/App/index.ts;src/components/Github/GithubCorner/index.ts;src/components/Filter/style.ts;src/utils/test/test-utils.tsx;src/components/Github/GithubCorner/style.ts;src/components/Github/GithubStarButton/index.ts;src/components/Filter/index.ts;src/components/App/style.ts;src/components/Loader/Loader.tsx;src/components/Recruiter/style.ts;src/commons/style/styled-components.ts;src/commons/Checkbox/index.ts;src/components/Loader/style.ts;src/components/Loader/index.ts;src/components/Recruiter/Recruiter.tsx;src/utils/formatPrice.ts;src/commons/style/global-style.tsx;src/commons/style/theme.ts
P5,react-shopping-cart,dense,matched,497,55,3,469,2,1,src/components/Cart/CartProducts/CartProducts.tsx,CartProduct.tsx=2;CartProducts.tsx=4,,src/contexts/cart-context/useCartProducts.ts;src/components/Cart/CartProducts/CartProduct/CartProduct.tsx;src/components/Cart/CartProducts/index.ts
P6,takenote,bm25,7000,7000,60,15,6899,1,1,,CategoryList.tsx=3,,src/client/slices/category.ts;src/client/api/index.ts;src/client/containers/CategoryList.tsx;src/client/utils/helpers.ts;src/resources/LabelText.ts;src/resources/TestID.ts;src/client/contexts/TempStateContext.tsx;src/client/containers/NoteList.tsx;src/client/containers/AppSidebar.tsx;src/client/containers/KeyboardShortcuts.tsx;src/client/containers/ContextMenuOptions.tsx;src/client/components/AppSidebar/AddCategoryButton.tsx;src/client/types/index.ts;src/client/components/AppSidebar/CollapseCategoryButton.tsx;src/client/utils/constants.ts
P6,takenote,bm25,matched,841,60,5,828,1,0,src/client/containers/CategoryList.tsx,CategoryList.tsx=3,,src/client/slices/category.ts;src/resources/LabelText.ts;src/client/contexts/TempStateContext.tsx;src/client/components/AppSidebar/AddCategoryButton.tsx;src/client/utils/history.ts
P6,takenote,dense,7000,7000,60,17,6981,1,1,,CategoryList.tsx=1,,src/client/containers/CategoryList.tsx;src/client/slices/category.ts;src/client/components/NoteList/SelectCategory.tsx;src/client/containers/CategoryOption.tsx;src/client/components/AppSidebar/AddCategoryForm.tsx;src/client/components/AppSidebar/AddCategoryButton.tsx;src/resources/TestID.ts;src/resources/LabelText.ts;src/client/components/AppSidebar/CollapseCategoryButton.tsx;src/client/types/index.ts;src/client/slices/note.ts;src/client/utils/helpers.ts;src/client/utils/enums.ts;src/client/containers/NoteList.tsx;src/client/contexts/TempStateContext.tsx;src/client/utils/constants.ts;src/client/components/NoteList/SearchBar.tsx
P6,takenote,dense,matched,841,60,3,800,1,1,,CategoryList.tsx=1,,src/client/containers/CategoryList.tsx;src/client/components/AppSidebar/AddCategoryButton.tsx;src/client/utils/history.ts
